rank,frontend_question_id,title,level,frequency,leetcode_url,slug,codetop_id,leetcode_id,last_seen_time
1,3,无重复字符的最长子串,中等,1151,https://leetcode.cn/problems/longest-substring-without-repeating-characters,longest-substring-without-repeating-characters,1681,1681,2026-06-10T09:54:53.930000Z
2,146,LRU缓存机制,中等,929,https://leetcode.cn/problems/lru-cache,lru-cache,1538,1538,2026-06-10T02:32:16.212000Z
3,206,反转链表,简单,744,https://leetcode.cn/problems/reverse-linked-list,reverse-linked-list,1478,1478,2026-06-03T16:00:00Z
4,215,数组中的第K个最大元素,中等,597,https://leetcode.cn/problems/kth-largest-element-in-an-array,kth-largest-element-in-an-array,1469,1469,2026-05-28T11:32:26.383000Z
5,25,K 个一组翻转链表,困难,521,https://leetcode.cn/problems/reverse-nodes-in-k-group,reverse-nodes-in-k-group,1659,1659,2026-06-05T08:28:24.220000Z
6,15,三数之和,中等,478,https://leetcode.cn/problems/3sum,3sum,1669,1669,2026-06-06T11:47:36.077000Z
7,53,最大子数组和,中等,374,https://leetcode.cn/problems/maximum-subarray,maximum-subarray,1631,1631,2026-06-08T16:00:00Z
8,补充题4,手撕快速排序,中等,354,https://leetcode.cn/problems/sort-an-array,sort-an-array,1906,1906,2026-06-09T11:44:55.645000Z
9,5,最长回文子串,中等,349,https://leetcode.cn/problems/longest-palindromic-substring,longest-palindromic-substring,1679,1679,2026-06-04T16:00:00Z
10,21,合并两个有序链表,简单,330,https://leetcode.cn/problems/merge-two-sorted-lists,merge-two-sorted-lists,1663,1663,2026-04-30T07:46:11.819000Z
11,102,二叉树的层序遍历,中等,328,https://leetcode.cn/problems/binary-tree-level-order-traversal,binary-tree-level-order-traversal,1582,1582,2026-05-28T03:07:19.404000Z
12,200,岛屿数量,中等,327,https://leetcode.cn/problems/number-of-islands,number-of-islands,1484,1484,2026-05-25T16:00:00Z
13,33,搜索旋转排序数组,中等,309,https://leetcode.cn/problems/search-in-rotated-sorted-array,search-in-rotated-sorted-array,1651,1651,2026-06-10T15:08:42.676000Z
14,1,两数之和,简单,302,https://leetcode.cn/problems/two-sum,two-sum,1683,1683,2026-04-28T16:00:00Z
15,46,全排列,中等,296,https://leetcode.cn/problems/permutations,permutations,1638,1638,2026-04-16T16:00:00Z
16,20,有效的括号,简单,295,https://leetcode.cn/problems/valid-parentheses,valid-parentheses,1664,1664,2026-06-03T16:00:00Z
17,88,合并两个有序数组,简单,294,https://leetcode.cn/problems/merge-sorted-array,merge-sorted-array,1596,1596,2026-04-21T11:05:22.312000Z
18,121,买卖股票的最佳时机,简单,278,https://leetcode.cn/problems/best-time-to-buy-and-sell-stock,best-time-to-buy-and-sell-stock,1563,1563,2026-04-29T16:00:00Z
19,92,反转链表 II,中等,269,https://leetcode.cn/problems/reverse-linked-list-ii,reverse-linked-list-ii,1592,1592,2026-06-09T13:25:49.192000Z
20,300,最长上升子序列,中等,267,https://leetcode.cn/problems/longest-increasing-subsequence,longest-increasing-subsequence,1384,1384,2026-06-01T16:00:00Z
21,103,二叉树的锯齿形层次遍历,中等,266,https://leetcode.cn/problems/binary-tree-zigzag-level-order-traversal,binary-tree-zigzag-level-order-traversal,1581,1581,2026-05-01T08:38:19.581000Z
22,236,二叉树的最近公共祖先,中等,265,https://leetcode.cn/problems/lowest-common-ancestor-of-a-binary-tree,lowest-common-ancestor-of-a-binary-tree,1448,1448,2026-05-18T15:38:37.554000Z
23,23,合并K个排序链表,困难,256,https://leetcode.cn/problems/merge-k-sorted-lists,merge-k-sorted-lists,1661,1661,2026-06-08T13:31:49.805000Z
24,54,螺旋矩阵,中等,254,https://leetcode.cn/problems/spiral-matrix,spiral-matrix,1630,1630,2026-06-07T16:00:00Z
25,143,重排链表,中等,253,https://leetcode.cn/problems/reorder-list,reorder-list,1541,1541,2026-05-27T13:23:36.188000Z
26,141,环形链表,简单,250,https://leetcode.cn/problems/linked-list-cycle,linked-list-cycle,1543,1543,2026-06-01T16:00:00Z
27,415,字符串相加,简单,241,https://leetcode.cn/problems/add-strings,add-strings,1269,1269,2026-04-15T13:46:36.050000Z
28,56,合并区间,中等,239,https://leetcode.cn/problems/merge-intervals,merge-intervals,1628,1628,2026-05-28T16:00:00Z
29,160,相交链表,简单,201,https://leetcode.cn/problems/intersection-of-two-linked-lists,intersection-of-two-linked-lists,1524,1524,2026-05-07T16:00:00Z
30,72,编辑距离,困难,200,https://leetcode.cn/problems/edit-distance,edit-distance,1612,1612,2026-05-17T16:00:00Z
31,42,接雨水,困难,197,https://leetcode.cn/problems/trapping-rain-water,trapping-rain-water,1642,1642,2026-05-27T07:43:59.362000Z
32,1143,最长公共子序列,中等,196,https://leetcode.cn/problems/longest-common-subsequence,longest-common-subsequence,485,485,2026-06-04T16:00:00Z
33,82,删除排序链表中的重复元素 II,中等,185,https://leetcode.cn/problems/remove-duplicates-from-sorted-list-ii,remove-duplicates-from-sorted-list-ii,1602,1602,2026-05-13T08:10:43.897000Z
34,93,复原IP地址,中等,185,https://leetcode.cn/problems/restore-ip-addresses,restore-ip-addresses,1591,1591,2026-05-12T16:00:00Z
35,124,二叉树中的最大路径和,困难,183,https://leetcode.cn/problems/binary-tree-maximum-path-sum,binary-tree-maximum-path-sum,1560,1560,2026-05-27T11:30:08.958000Z
36,19,删除链表的倒数第N个节点,中等,182,https://leetcode.cn/problems/remove-nth-node-from-end-of-list,remove-nth-node-from-end-of-list,1665,1665,2026-05-26T16:00:00Z
37,4,寻找两个正序数组的中位数,困难,171,https://leetcode.cn/problems/median-of-two-sorted-arrays,median-of-two-sorted-arrays,1680,1680,2026-05-27T16:00:00Z
38,142,环形链表 II,中等,170,https://leetcode.cn/problems/linked-list-cycle-ii,linked-list-cycle-ii,1542,1542,2026-05-08T09:19:39.031000Z
39,165,比较版本号,中等,164,https://leetcode.cn/problems/compare-version-numbers,compare-version-numbers,1519,1519,2026-06-02T04:11:20.197000Z
40,199,二叉树的右视图,中等,161,https://leetcode.cn/problems/binary-tree-right-side-view,binary-tree-right-side-view,1485,1485,2026-05-28T10:43:25.630000Z
41,239,滑动窗口最大值,困难,152,https://leetcode.cn/problems/sliding-window-maximum,sliding-window-maximum,1445,1445,2026-05-18T16:00:00Z
42,704,二分查找,简单,150,https://leetcode.cn/problems/binary-search,binary-search,925,925,2026-05-10T07:39:28.305000Z
43,22,括号生成,中等,150,https://leetcode.cn/problems/generate-parentheses,generate-parentheses,1662,1662,2026-05-08T19:49:07.276000Z
44,32,最长有效括号,困难,148,https://leetcode.cn/problems/longest-valid-parentheses,longest-valid-parentheses,1652,1652,2026-06-04T14:11:37.229000Z
45,148,排序链表,中等,147,https://leetcode.cn/problems/sort-list,sort-list,1536,1536,2026-06-07T16:00:00Z
46,69,x 的平方根,简单,146,https://leetcode.cn/problems/sqrtx,sqrtx,1615,1615,2026-04-21T15:36:32.999000Z
47,94,二叉树的中序遍历,简单,144,https://leetcode.cn/problems/binary-tree-inorder-traversal,binary-tree-inorder-traversal,1590,1590,2026-05-20T16:00:00Z
48,232,用栈实现队列,简单,143,https://leetcode.cn/problems/implement-queue-using-stacks,implement-queue-using-stacks,1452,1452,2026-03-08T16:00:00Z
49,31,下一个排列,中等,136,https://leetcode.cn/problems/next-permutation,next-permutation,1653,1653,2026-04-27T10:23:03.921000Z
50,76,最小覆盖子串,困难,133,https://leetcode.cn/problems/minimum-window-substring,minimum-window-substring,1608,1608,2026-06-05T10:38:15.189000Z
51,2,两数相加,中等,133,https://leetcode.cn/problems/add-two-numbers,add-two-numbers,1682,1682,2026-04-16T07:17:15.104000Z
52,322,零钱兑换,中等,132,https://leetcode.cn/problems/coin-change,coin-change,1362,1362,2026-04-15T11:47:59.283000Z
53,43,字符串相乘,中等,131,https://leetcode.cn/problems/multiply-strings,multiply-strings,1641,1641,2026-05-22T11:30:17.205000Z
54,8,字符串转换整数 (atoi),中等,131,https://leetcode.cn/problems/string-to-integer-atoi,string-to-integer-atoi,1676,1676,2026-04-22T06:21:23.146000Z
55,70,爬楼梯,简单,129,https://leetcode.cn/problems/climbing-stairs,climbing-stairs,1614,1614,2026-05-24T16:00:00Z
56,105,从前序与中序遍历序列构造二叉树,中等,114,https://leetcode.cn/problems/construct-binary-tree-from-preorder-and-inorder-traversal,construct-binary-tree-from-preorder-and-inorder-traversal,1579,1579,2026-04-29T16:00:00Z
57,41,缺失的第一个正数,困难,113,https://leetcode.cn/problems/first-missing-positive,first-missing-positive,1643,1643,2026-03-17T16:00:00Z
58,78,子集,中等,105,https://leetcode.cn/problems/subsets,subsets,1606,1606,2026-05-17T03:57:01.856000Z
59,151,翻转字符串里的单词,中等,105,https://leetcode.cn/problems/reverse-words-in-a-string,reverse-words-in-a-string,1533,1533,2026-04-15T12:58:03.385000Z
60,34,在排序数组中查找元素的第一个和最后一个位置,中等,102,https://leetcode.cn/problems/find-first-and-last-position-of-element-in-sorted-array,find-first-and-last-position-of-element-in-sorted-array,1650,1650,2026-04-18T16:00:00Z
61,剑指 Offer 22,链表中倒数第k个节点,简单,102,https://leetcode.cn/problems/lian-biao-zhong-dao-shu-di-kge-jie-dian-lcof,lian-biao-zhong-dao-shu-di-kge-jie-dian-lcof,122,122,2025-03-18T09:56:51.560000Z
62,394,字符串解码,中等,100,https://leetcode.cn/problems/decode-string,decode-string,1290,1290,2026-05-31T16:00:00Z
63,129,求根到叶子节点数字之和,中等,100,https://leetcode.cn/problems/sum-root-to-leaf-numbers,sum-root-to-leaf-numbers,1555,1555,2026-04-21T16:00:00Z
64,155,最小栈,简单,99,https://leetcode.cn/problems/min-stack,min-stack,1529,1529,2026-04-13T18:21:52.312000Z
65,39,组合总和,中等,96,https://leetcode.cn/problems/combination-sum,combination-sum,1645,1645,2026-05-26T16:00:00Z
66,101,对称二叉树,简单,96,https://leetcode.cn/problems/symmetric-tree,symmetric-tree,1583,1583,2026-03-29T16:00:00Z
67,64,最小路径和,中等,95,https://leetcode.cn/problems/minimum-path-sum,minimum-path-sum,1620,1620,2026-05-27T13:15:27.569000Z
68,470,用 Rand7() 实现 Rand10(),中等,95,https://leetcode.cn/problems/implement-rand10-using-rand7,implement-rand10-using-rand7,821,821,2026-05-25T16:00:00Z
69,695,岛屿的最大面积,中等,93,https://leetcode.cn/problems/max-area-of-island,max-area-of-island,1011,1011,2026-06-02T14:56:27.653000Z
70,128,最长连续序列,中等,92,https://leetcode.cn/problems/longest-consecutive-sequence,longest-consecutive-sequence,1556,1556,2026-05-29T12:40:26.848000Z
71,122,买卖股票的最佳时机 II,简单,91,https://leetcode.cn/problems/best-time-to-buy-and-sell-stock-ii,best-time-to-buy-and-sell-stock-ii,1562,1562,2026-06-04T08:39:02.595000Z
72,104,二叉树的最大深度,简单,91,https://leetcode.cn/problems/maximum-depth-of-binary-tree,maximum-depth-of-binary-tree,1580,1580,2026-05-07T16:00:00Z
73,221,最大正方形,中等,88,https://leetcode.cn/problems/maximal-square,maximal-square,1463,1463,2026-04-17T12:25:48.296000Z
74,110,平衡二叉树,简单,87,https://leetcode.cn/problems/balanced-binary-tree,balanced-binary-tree,1574,1574,2026-04-19T16:00:00Z
75,234,回文链表,简单,86,https://leetcode.cn/problems/palindrome-linked-list,palindrome-linked-list,1450,1450,2026-05-21T16:00:00Z
76,152,乘积最大子数组,中等,85,https://leetcode.cn/problems/maximum-product-subarray,maximum-product-subarray,1532,1532,2026-05-27T16:00:00Z
77,240,搜索二维矩阵 II,中等,84,https://leetcode.cn/problems/search-a-2d-matrix-ii,search-a-2d-matrix-ii,1444,1444,2026-04-23T16:00:00Z
78,98,验证二叉搜索树,中等,84,https://leetcode.cn/problems/validate-binary-search-tree,validate-binary-search-tree,1586,1586,2026-04-20T14:17:50.588000Z
79,144,二叉树的前序遍历,简单,84,https://leetcode.cn/problems/binary-tree-preorder-traversal,binary-tree-preorder-traversal,1540,1540,2025-04-17T16:00:00Z
80,179,最大数,中等,83,https://leetcode.cn/problems/largest-number,largest-number,1505,1505,2026-06-04T06:44:16.037000Z
81,662,二叉树最大宽度,中等,83,https://leetcode.cn/problems/maximum-width-of-binary-tree,maximum-width-of-binary-tree,1044,1044,2026-05-16T03:43:34.734000Z
82,14,最长公共前缀,简单,83,https://leetcode.cn/problems/longest-common-prefix,longest-common-prefix,1670,1670,2026-04-16T16:00:00Z
83,48,旋转图像,中等,83,https://leetcode.cn/problems/rotate-image,rotate-image,1636,1636,2026-04-01T09:28:13.407000Z
84,543,二叉树的直径,简单,81,https://leetcode.cn/problems/diameter-of-binary-tree,diameter-of-binary-tree,1156,1156,2026-03-19T07:21:11.021000Z
85,162,寻找峰值,中等,80,https://leetcode.cn/problems/find-peak-element,find-peak-element,1522,1522,2026-04-19T08:22:26.581000Z
86,62,不同路径,中等,78,https://leetcode.cn/problems/unique-paths,unique-paths,1622,1622,2026-06-01T14:32:33.655000Z
87,560,和为K的子数组,中等,78,https://leetcode.cn/problems/subarray-sum-equals-k,subarray-sum-equals-k,1142,1142,2026-04-09T15:56:35.273000Z
88,113,路径总和 II,中等,77,https://leetcode.cn/problems/path-sum-ii,path-sum-ii,1571,1571,2026-05-07T08:47:26.963000Z
89,209,长度最小的子数组,中等,73,https://leetcode.cn/problems/minimum-size-subarray-sum,minimum-size-subarray-sum,1475,1475,2026-05-26T16:00:00Z
90,198,打家劫舍,中等,73,https://leetcode.cn/problems/house-robber,house-robber,1486,1486,2026-03-26T09:48:04.465000Z
91,24,两两交换链表中的节点,中等,72,https://leetcode.cn/problems/swap-nodes-in-pairs,swap-nodes-in-pairs,1660,1660,2026-05-30T16:00:00Z
92,112,路径总和,简单,72,https://leetcode.cn/problems/path-sum,path-sum,1572,1572,2026-04-14T07:00:00Z
93,83,删除排序链表中的重复元素,简单,69,https://leetcode.cn/problems/remove-duplicates-from-sorted-list,remove-duplicates-from-sorted-list,1601,1601,2026-04-23T07:25:30.367000Z
94,139,单词拆分,中等,69,https://leetcode.cn/problems/word-break,word-break,1545,1545,2026-04-07T16:00:00Z
95,227,基本计算器 II,中等,69,https://leetcode.cn/problems/basic-calculator-ii,basic-calculator-ii,1457,1457,2026-03-30T12:10:45.661000Z
96,718,最长重复子数组,中等,68,https://leetcode.cn/problems/maximum-length-of-repeated-subarray,maximum-length-of-repeated-subarray,999,999,2026-05-26T16:00:00Z
97,226,翻转二叉树,简单,68,https://leetcode.cn/problems/invert-binary-tree,invert-binary-tree,1458,1458,2026-03-29T16:00:00Z
98,169,多数元素,简单,68,https://leetcode.cn/problems/majority-element,majority-element,1515,1515,2026-03-18T16:00:00Z
99,283,移动零,简单,67,https://leetcode.cn/problems/move-zeroes,move-zeroes,1401,1401,2026-03-23T07:29:58.019000Z
100,207,课程表,中等,66,https://leetcode.cn/problems/course-schedule,course-schedule,1477,1477,2026-05-20T03:29:04.587000Z
101,补充题6,手撕堆排序,中等,63,https://leetcode.cn/problems/sort-an-array,sort-an-array,1908,1908,2026-04-07T12:05:24.225000Z
102,739,每日温度,中等,62,https://leetcode.cn/problems/daily-temperatures,daily-temperatures,978,978,2026-05-19T16:00:00Z
103,79,单词搜索,中等,61,https://leetcode.cn/problems/word-search,word-search,1605,1605,2026-06-03T01:36:31.949000Z
104,468,验证IP地址,中等,61,https://leetcode.cn/problems/validate-ip-address,validate-ip-address,1222,1222,2026-04-02T16:00:00Z
105,297,二叉树的序列化与反序列化,困难,59,https://leetcode.cn/problems/serialize-and-deserialize-binary-tree,serialize-and-deserialize-binary-tree,1387,1387,2026-05-25T06:42:45.742000Z
106,153,寻找旋转排序数组中的最小值,中等,58,https://leetcode.cn/problems/find-minimum-in-rotated-sorted-array,find-minimum-in-rotated-sorted-array,1531,1531,2026-04-16T12:43:48.446000Z
107,138,复制带随机指针的链表,中等,58,https://leetcode.cn/problems/copy-list-with-random-pointer,copy-list-with-random-pointer,1546,1546,2025-08-23T09:28:22.379000Z
108,47,全排列 II,中等,57,https://leetcode.cn/problems/permutations-ii,permutations-ii,1637,1637,2026-04-16T07:16:45.355000Z
109,224,基本计算器,困难,57,https://leetcode.cn/problems/basic-calculator,basic-calculator,1460,1460,2025-12-24T12:34:02.272000Z
110,11,盛最多水的容器,中等,56,https://leetcode.cn/problems/container-with-most-water,container-with-most-water,1673,1673,2026-05-10T16:00:00Z
111,55,跳跃游戏,中等,56,https://leetcode.cn/problems/jump-game,jump-game,1629,1629,2026-04-18T08:02:29.713000Z
112,460,LFU缓存,困难,56,https://leetcode.cn/problems/lfu-cache,lfu-cache,1230,1230,2026-03-31T16:00:00Z
113,40,组合总和 II,中等,55,https://leetcode.cn/problems/combination-sum-ii,combination-sum-ii,1644,1644,2026-01-04T16:00:00Z
114,16,最接近的三数之和,中等,54,https://leetcode.cn/problems/3sum-closest,3sum-closest,1668,1668,2026-05-06T08:03:55.017000Z
115,136,只出现一次的数字,简单,53,https://leetcode.cn/problems/single-number,single-number,1548,1548,2026-04-21T16:00:00Z
116,402,移掉K位数字,中等,53,https://leetcode.cn/problems/remove-k-digits,remove-k-digits,1282,1282,2025-09-24T06:16:50.694000Z
117,123,买卖股票的最佳时机 III,困难,52,https://leetcode.cn/problems/best-time-to-buy-and-sell-stock-iii,best-time-to-buy-and-sell-stock-iii,1561,1561,2026-06-03T12:55:02.402000Z
118,剑指 Offer 51,数组中的逆序对,困难,52,https://leetcode.cn/problems/shu-zu-zhong-de-ni-xu-dui-lcof,shu-zu-zhong-de-ni-xu-dui-lcof,98,98,2026-04-16T07:53:07.948000Z
119,61,旋转链表,中等,51,https://leetcode.cn/problems/rotate-list,rotate-list,1623,1623,2026-04-20T07:22:21.111000Z
120,补充题5,手撕归并排序,中等,50,https://leetcode.cn/problems/sort-an-array,sort-an-array,1907,1907,2025-09-03T16:00:00Z
121,75,颜色分类,中等,49,https://leetcode.cn/problems/sort-colors,sort-colors,1609,1609,2026-04-19T16:00:00Z
122,518,零钱兑换 II,中等,48,https://leetcode.cn/problems/coin-change-ii,coin-change-ii,1178,1178,2026-04-23T16:00:00Z
123,498,对角线遍历,中等,48,https://leetcode.cn/problems/diagonal-traverse,diagonal-traverse,1196,1196,2026-04-20T19:16:25.923000Z
124,剑指 Offer 26,树的子结构,中等,48,https://leetcode.cn/problems/shu-de-zi-jie-gou-lcof,shu-de-zi-jie-gou-lcof,129,129,2026-03-25T08:17:49.273000Z
125,329,矩阵中的最长递增路径,困难,47,https://leetcode.cn/problems/longest-increasing-path-in-a-matrix,longest-increasing-path-in-a-matrix,1355,1355,2026-05-24T05:18:24.591000Z
126,26,删除排序数组中的重复项,简单,47,https://leetcode.cn/problems/remove-duplicates-from-sorted-array,remove-duplicates-from-sorted-array,1658,1658,2026-03-18T16:00:00Z
127,剑指 Offer 36,二叉搜索树与双向链表,中等,47,https://leetcode.cn/problems/er-cha-sou-suo-shu-yu-shuang-xiang-lian-biao-lcof,er-cha-sou-suo-shu-yu-shuang-xiang-lian-biao-lcof,111,111,2026-02-06T09:50:02.135000Z
128,958,二叉树的完全性检验,中等,47,https://leetcode.cn/problems/check-completeness-of-a-binary-tree,check-completeness-of-a-binary-tree,730,730,2025-11-06T16:00:00Z
129,剑指 Offer 09,用两个栈实现队列,简单,47,https://leetcode.cn/problems/yong-liang-ge-zhan-shi-xian-dui-lie-lcof,yong-liang-ge-zhan-shi-xian-dui-lie-lcof,143,143,2024-12-19T16:00:00Z
130,补充题23,检测循环依赖,中等,46,https://leetcode.cn/problems/https://mp.weixin.qq.com/s/pCRscwKqQdYYN7M1Sia7xA,https://mp.weixin.qq.com/s/pCRscwKqQdYYN7M1Sia7xA,1924,1924,2026-05-31T07:58:58.888000Z
131,74,搜索二维矩阵,中等,46,https://leetcode.cn/problems/search-a-2d-matrix,search-a-2d-matrix,1610,1610,2026-05-22T07:29:33.481000Z
132,114,二叉树展开为链表,中等,46,https://leetcode.cn/problems/flatten-binary-tree-to-linked-list,flatten-binary-tree-to-linked-list,1570,1570,2026-03-31T16:00:00Z
133,补充题1,排序奇升偶降链表,中等,46,https://leetcode.cn/problems/https://mp.weixin.qq.com/s/0WVa2wIAeG0nYnVndZiEXQ,https://mp.weixin.qq.com/s/0WVa2wIAeG0nYnVndZiEXQ,1903,1903,2026-03-04T13:10:21.299000Z
134,7,整数反转,简单,45,https://leetcode.cn/problems/reverse-integer,reverse-integer,1677,1677,2026-03-29T16:00:00Z
135,135,分发糖果,困难,44,https://leetcode.cn/problems/candy,candy,1549,1549,2026-04-20T22:00:00Z
136,442,数组中重复的数据,中等,44,https://leetcode.cn/problems/find-all-duplicates-in-an-array,find-all-duplicates-in-an-array,1248,1248,2026-04-12T04:52:57.235000Z
137,125,验证回文串,简单,43,https://leetcode.cn/problems/valid-palindrome,valid-palindrome,1559,1559,2026-04-25T02:12:44.125000Z
138,347,前 K 个高频元素,中等,43,https://leetcode.cn/problems/top-k-frequent-elements,top-k-frequent-elements,1337,1337,2026-04-10T06:56:25.980000Z
139,50,"Pow(x, n)",中等,43,https://leetcode.cn/problems/powx-n,powx-n,1634,1634,2026-03-24T07:39:33.342000Z
140,572,另一个树的子树,简单,42,https://leetcode.cn/problems/subtree-of-another-tree,subtree-of-another-tree,1130,1130,2026-04-14T10:41:39.879000Z
141,145,二叉树的后序遍历,中等,42,https://leetcode.cn/problems/binary-tree-postorder-traversal,binary-tree-postorder-traversal,1539,1539,2026-03-30T16:00:00Z
142,91,解码方法,中等,42,https://leetcode.cn/problems/decode-ways,decode-ways,1593,1593,2025-09-18T05:00:20.886000Z
143,59,螺旋矩阵 II,中等,41,https://leetcode.cn/problems/spiral-matrix-ii,spiral-matrix-ii,1625,1625,2025-04-28T12:28:51.961000Z
144,10,正则表达式匹配,困难,40,https://leetcode.cn/problems/regular-expression-matching,regular-expression-matching,1674,1674,2026-04-28T16:00:00Z
145,208,实现 Trie (前缀树),中等,40,https://leetcode.cn/problems/implement-trie-prefix-tree,implement-trie-prefix-tree,1476,1476,2026-04-28T16:00:00Z
146,剑指 Offer 40,最小的k个数,简单,40,https://leetcode.cn/problems/zui-xiao-de-kge-shu-lcof,zui-xiao-de-kge-shu-lcof,115,115,2026-02-11T11:32:33.297000Z
147,440,字典序的第K小数字,困难,40,https://leetcode.cn/problems/k-th-smallest-in-lexicographical-order,k-th-smallest-in-lexicographical-order,1250,1250,2025-09-25T16:00:00Z
148,445,两数相加 II,中等,39,https://leetcode.cn/problems/add-two-numbers-ii,add-two-numbers-ii,1245,1245,2026-05-13T16:00:00Z
149,213,打家劫舍 II,中等,39,https://leetcode.cn/problems/house-robber-ii,house-robber-ii,1471,1471,2026-05-08T16:00:00Z
150,450,删除二叉搜索树中的节点,中等,39,https://leetcode.cn/problems/delete-node-in-a-bst,delete-node-in-a-bst,1240,1240,2026-04-22T16:00:00Z
151,剑指 Offer 54,二叉搜索树的第k大节点,简单,39,https://leetcode.cn/problems/er-cha-sou-suo-shu-de-di-kda-jie-dian-lcof,er-cha-sou-suo-shu-de-di-kda-jie-dian-lcof,83,83,2024-03-25T10:52:01.017000Z
152,剑指 Offer 42,连续子数组的最大和,简单,38,https://leetcode.cn/problems/lian-xu-zi-shu-zu-de-zui-da-he-lcof,lian-xu-zi-shu-zu-de-zui-da-he-lcof,112,112,2026-04-03T07:55:39.124000Z
153,45,跳跃游戏 II,中等,38,https://leetcode.cn/problems/jump-game-ii,jump-game-ii,1639,1639,2026-03-25T11:55:37.185000Z
154,剑指 Offer 10- I,斐波那契数列,简单,37,https://leetcode.cn/problems/fei-bo-na-qi-shu-lie-lcof,fei-bo-na-qi-shu-lie-lcof,142,142,2026-06-03T16:00:00Z
155,516,最长回文子序列,中等,37,https://leetcode.cn/problems/longest-palindromic-subsequence,longest-palindromic-subsequence,1180,1180,2026-04-26T02:02:21.392000Z
156,剑指 Offer 10- II,青蛙跳台阶问题,简单,37,https://leetcode.cn/problems/qing-wa-tiao-tai-jie-wen-ti-lcof,qing-wa-tiao-tai-jie-wen-ti-lcof,139,139,2026-04-12T16:00:00Z
157,295,数据流的中位数,困难,36,https://leetcode.cn/problems/find-median-from-data-stream,find-median-from-data-stream,1389,1389,2026-04-16T07:51:55.482000Z
158,287,寻找重复数,中等,36,https://leetcode.cn/problems/find-the-duplicate-number,find-the-duplicate-number,1397,1397,2026-04-15T16:00:00Z
159,225,用队列实现栈,简单,36,https://leetcode.cn/problems/implement-stack-using-queues,implement-stack-using-queues,1459,1459,2026-03-26T13:09:04.571000Z
160,328,奇偶链表,中等,35,https://leetcode.cn/problems/odd-even-linked-list,odd-even-linked-list,1356,1356,2026-04-17T08:47:11.028000Z
161,678,有效的括号字符串,中等,35,https://leetcode.cn/problems/valid-parenthesis-string,valid-parenthesis-string,1028,1028,2026-03-15T11:39:10.302000Z
162,补充题2,圆环回原点问题,中等,35,https://leetcode.cn/problems/https://mp.weixin.qq.com/s/NZPaFsFrTybO3K3s7p7EVg,https://mp.weixin.qq.com/s/NZPaFsFrTybO3K3s7p7EVg,1904,1904,2025-08-18T04:52:26.796000Z
163,剑指 Offer 04,二维数组中的查找,简单,35,https://leetcode.cn/problems/er-wei-shu-zu-zhong-de-cha-zhao-lcof,er-wei-shu-zu-zhong-de-cha-zhao-lcof,140,140,2023-11-20T16:00:00Z
164,189,轮转数组,中等,34,https://leetcode.cn/problems/rotate-array,rotate-array,1495,1495,2026-05-16T14:05:27.801000Z
165,120,三角形最小路径和,中等,34,https://leetcode.cn/problems/triangle,triangle,1564,1564,2026-04-20T16:00:00Z
166,106,从中序与后序遍历序列构造二叉树,中等,34,https://leetcode.cn/problems/construct-binary-tree-from-inorder-and-postorder-traversal,construct-binary-tree-from-inorder-and-postorder-traversal,1578,1578,2026-03-26T16:00:00Z
167,210,课程表 II,中等,33,https://leetcode.cn/problems/course-schedule-ii,course-schedule-ii,1474,1474,2026-06-01T08:26:04.066000Z
168,9,回文数,简单,33,https://leetcode.cn/problems/palindrome-number,palindrome-number,1675,1675,2026-05-10T09:02:21.009000Z
169,230,二叉搜索树中第K小的元素,中等,33,https://leetcode.cn/problems/kth-smallest-element-in-a-bst,kth-smallest-element-in-a-bst,1454,1454,2024-04-10T12:15:45.058000Z
170,96,不同的二叉搜索树,中等,32,https://leetcode.cn/problems/unique-binary-search-trees,unique-binary-search-trees,1588,1588,2026-04-19T16:00:00Z
171,384,打乱数组,中等,32,https://leetcode.cn/problems/shuffle-an-array,shuffle-an-array,1300,1300,2026-03-10T09:47:02.598000Z
172,剑指 Offer 62,圆圈中最后剩下的数字,简单,32,https://leetcode.cn/problems/yuan-quan-zhong-zui-hou-sheng-xia-de-shu-zi-lcof,yuan-quan-zhong-zui-hou-sheng-xia-de-shu-zi-lcof,73,73,2026-01-18T16:00:00Z
173,44,通配符匹配,困难,31,https://leetcode.cn/problems/wildcard-matching,wildcard-matching,1640,1640,2026-05-18T13:15:16.138000Z
174,416,分割等和子集,中等,30,https://leetcode.cn/problems/partition-equal-subset-sum,partition-equal-subset-sum,1268,1268,2026-04-27T07:22:11.508000Z
175,887,鸡蛋掉落,困难,30,https://leetcode.cn/problems/super-egg-drop,super-egg-drop,801,801,2026-03-30T11:23:15.131000Z
176,85,最大矩形,困难,30,https://leetcode.cn/problems/maximal-rectangle,maximal-rectangle,1599,1599,2026-03-25T09:00:12.446000Z
177,97,交错字符串,中等,30,https://leetcode.cn/problems/interleaving-string,interleaving-string,1587,1587,2026-03-01T16:00:00Z
178,剑指 Offer 21,调整数组顺序使奇数位于偶数前面,简单,30,https://leetcode.cn/problems/diao-zheng-shu-zu-shun-xu-shi-qi-shu-wei-yu-ou-shu-qian-mian-lcof,diao-zheng-shu-zu-shun-xu-shi-qi-shu-wei-yu-ou-shu-qian-mian-lcof,125,125,2022-09-26T16:00:00Z
179,400,第N个数字,中等,29,https://leetcode.cn/problems/nth-digit,nth-digit,1284,1284,2026-04-30T05:10:29.618000Z
180,611,有效三角形的个数,中等,29,https://leetcode.cn/problems/valid-triangle-number,valid-triangle-number,1093,1093,2026-03-03T11:53:29.182000Z
181,679,24 点游戏,困难,29,https://leetcode.cn/problems/24-game,24-game,1027,1027,2025-09-16T06:36:01.609000Z
182,1004,最大连续1的个数 III,中等,28,https://leetcode.cn/problems/max-consecutive-ones-iii,max-consecutive-ones-iii,683,683,2026-05-27T08:29:15.322000Z
183,673,最长递增子序列的个数,中等,28,https://leetcode.cn/problems/number-of-longest-increasing-subsequence,number-of-longest-increasing-subsequence,1033,1033,2026-05-13T00:01:06.205000Z
184,134,加油站,中等,27,https://leetcode.cn/problems/gas-station,gas-station,1550,1550,2026-04-23T16:00:00Z
185,395,至少有K个重复字符的最长子串,中等,27,https://leetcode.cn/problems/longest-substring-with-at-least-k-repeating-characters,longest-substring-with-at-least-k-repeating-characters,1289,1289,2026-04-16T09:41:34.426000Z
186,63,不同路径 II,中等,27,https://leetcode.cn/problems/unique-paths-ii,unique-paths-ii,1621,1621,2026-03-31T16:00:00Z
187,51,N皇后,困难,26,https://leetcode.cn/problems/n-queens,n-queens,1633,1633,2026-04-26T16:00:00Z
188,253,会议室 II,中等,26,https://leetcode.cn/problems/meeting-rooms-ii,meeting-rooms-ii,1431,1431,2026-03-04T03:47:17.138000Z
189,84,柱状图中最大的矩形,困难,26,https://leetcode.cn/problems/largest-rectangle-in-histogram,largest-rectangle-in-histogram,1600,1600,2026-03-01T16:00:00Z
190,316,去除重复字母,中等,25,https://leetcode.cn/problems/remove-duplicate-letters,remove-duplicate-letters,1368,1368,2026-05-08T16:00:00Z
191,264,丑数 II,中等,25,https://leetcode.cn/problems/ugly-number-ii,ugly-number-ii,1420,1420,2025-10-23T09:44:12.175000Z
192,补充题9,36进制加法,中等,25,https://leetcode.cn/problems/https://mp.weixin.qq.com/s/XcKQwnwCh5nZsz-DLHJwzQ,https://mp.weixin.qq.com/s/XcKQwnwCh5nZsz-DLHJwzQ,1911,1911,2025-04-08T16:00:00Z
193,剑指 Offer 29,顺时针打印矩阵,简单,25,https://leetcode.cn/problems/shun-shi-zhen-da-yin-ju-zhen-lcof,shun-shi-zhen-da-yin-ju-zhen-lcof,123,123,2025-04-01T16:00:00Z
194,剑指 Offer 27,二叉树的镜像,简单,25,https://leetcode.cn/problems/er-cha-shu-de-jing-xiang-lcof,er-cha-shu-de-jing-xiang-lcof,128,128,2022-04-19T11:29:13.806000Z
195,692,前K个高频单词,中等,24,https://leetcode.cn/problems/top-k-frequent-words,top-k-frequent-words,1014,1014,2026-06-05T15:46:12.665000Z
196,647,回文子串,中等,24,https://leetcode.cn/problems/palindromic-substrings,palindromic-substrings,1059,1059,2026-04-20T13:38:02.486000Z
197,279,完全平方数,中等,24,https://leetcode.cn/problems/perfect-squares,perfect-squares,1405,1405,2026-03-20T03:42:50.651000Z
198,71,简化路径,中等,24,https://leetcode.cn/problems/simplify-path,simplify-path,1613,1613,2026-03-10T16:00:00Z
199,670,最大交换,中等,24,https://leetcode.cn/problems/maximum-swap,maximum-swap,1036,1036,2026-01-01T07:38:32.371000Z
200,面试题 02.05,链表求和,中等,24,https://leetcode.cn/problems/sum-lists-lcci,sum-lists-lcci,167,167,2025-12-15T13:15:38.579000Z
201,349,两个数组的交集,简单,24,https://leetcode.cn/problems/intersection-of-two-arrays,intersection-of-two-arrays,1335,1335,2025-09-02T16:00:00Z
202,剑指 Offer 39,数组中出现次数超过一半的数字,简单,24,https://leetcode.cn/problems/shu-zu-zhong-chu-xian-ci-shu-chao-guo-yi-ban-de-shu-zi-lcof,shu-zu-zhong-chu-xian-ci-shu-chao-guo-yi-ban-de-shu-zi-lcof,106,106,2025-02-27T11:27:37.274000Z
203,补充题14,阿拉伯数字转中文数字,中等,24,,,1916,1916,2024-07-01T03:46:31.219000Z
204,17,电话号码的字母组合,中等,23,https://leetcode.cn/problems/letter-combinations-of-a-phone-number,letter-combinations-of-a-phone-number,1667,1667,2026-06-05T09:29:50.941000Z
205,343,整数拆分,中等,23,https://leetcode.cn/problems/integer-break,integer-break,1341,1341,2026-06-04T14:11:37.229000Z
206,12,整数转罗马数字,中等,23,https://leetcode.cn/problems/integer-to-roman,integer-to-roman,1672,1672,2026-04-09T16:00:00Z
207,111,二叉树的最小深度,简单,23,https://leetcode.cn/problems/minimum-depth-of-binary-tree,minimum-depth-of-binary-tree,1573,1573,2025-12-17T16:00:00Z
208,443,压缩字符串,中等,23,https://leetcode.cn/problems/string-compression,string-compression,1247,1247,2025-11-05T16:00:00Z
209,344,反转字符串,简单,23,https://leetcode.cn/problems/reverse-string,reverse-string,1340,1340,2024-12-13T16:00:00Z
210,面试题 17.14,最小K个数,中等,22,https://leetcode.cn/problems/smallest-k-lcci,smallest-k-lcci,42,42,2026-06-04T16:00:00Z
211,1044,最长重复子串,困难,22,https://leetcode.cn/problems/longest-duplicate-substring,longest-duplicate-substring,609,609,2026-04-15T15:02:34.646000Z
212,86,分隔链表,中等,22,https://leetcode.cn/problems/partition-list,partition-list,1598,1598,2026-03-23T13:48:47.360000Z
213,18,四数之和,中等,22,https://leetcode.cn/problems/4sum,4sum,1666,1666,2026-03-21T06:18:46.632000Z
214,763,划分字母区间,中等,22,https://leetcode.cn/problems/partition-labels,partition-labels,949,949,2026-01-13T01:53:50.637000Z
215,494,目标和,中等,22,https://leetcode.cn/problems/target-sum,target-sum,1199,1199,2025-05-13T13:21:54.690000Z
216,剑指 Offer 61,扑克牌中的顺子,简单,22,https://leetcode.cn/problems/bu-ke-pai-zhong-de-shun-zi-lcof,bu-ke-pai-zhong-de-shun-zi-lcof,75,75,2025-03-12T07:32:50.744000Z
217,剑指 Offer 52,两个链表的第一个公共节点,简单,22,https://leetcode.cn/problems/liang-ge-lian-biao-de-di-yi-ge-gong-gong-jie-dian-lcof,liang-ge-lian-biao-de-di-yi-ge-gong-gong-jie-dian-lcof,90,90,2024-06-18T07:23:41.448000Z
218,剑指 Offer 03,数组中重复的数字,简单,21,https://leetcode.cn/problems/shu-zu-zhong-zhong-fu-de-shu-zi-lcof,shu-zu-zhong-zhong-fu-de-shu-zi-lcof,141,141,2026-06-10T08:28:50.060000Z
219,378,有序矩阵中第K小的元素,中等,21,https://leetcode.cn/problems/kth-smallest-element-in-a-sorted-matrix,kth-smallest-element-in-a-sorted-matrix,1306,1306,2026-06-02T16:00:00Z
220,380,常数时间插入、删除和获取随机元素,中等,21,https://leetcode.cn/problems/insert-delete-getrandom-o1,insert-delete-getrandom-o1,1304,1304,2026-03-16T14:03:43.132000Z
221,503,下一个更大元素 II,中等,21,https://leetcode.cn/problems/next-greater-element-ii,next-greater-element-ii,1191,1191,2026-03-01T16:00:00Z
222,1444,切披萨的方案数,困难,21,https://leetcode.cn/problems/number-of-ways-of-cutting-a-pizza,number-of-ways-of-cutting-a-pizza,239,239,2025-09-25T16:00:00Z
223,509,斐波那契数,简单,21,https://leetcode.cn/problems/fibonacci-number,fibonacci-number,715,715,2025-09-24T03:08:05.119000Z
224,459,重复的子字符串,简单,21,https://leetcode.cn/problems/repeated-substring-pattern,repeated-substring-pattern,1231,1231,2025-03-24T16:00:00Z
225,168,Excel表列名称,简单,21,https://leetcode.cn/problems/excel-sheet-column-title,excel-sheet-column-title,1516,1516,2024-03-18T16:00:00Z
226,1047,删除字符串中的所有相邻重复项,简单,21,https://leetcode.cn/problems/remove-all-adjacent-duplicates-in-string,remove-all-adjacent-duplicates-in-string,603,603,2023-08-04T11:03:04.530000Z
227,260,只出现一次的数字 III,中等,20,https://leetcode.cn/problems/single-number-iii,single-number-iii,1424,1424,2026-05-27T04:56:48.751000Z
228,191,位1的个数,简单,20,https://leetcode.cn/problems/number-of-1-bits,number-of-1-bits,1493,1493,2026-05-24T16:00:00Z
229,337,打家劫舍 III,中等,20,https://leetcode.cn/problems/house-robber-iii,house-robber-iii,1347,1347,2026-05-12T16:00:00Z
230,剑指 Offer 45,把数组排成最小的数,中等,20,https://leetcode.cn/problems/ba-shu-zu-pai-cheng-zui-xiao-de-shu-lcof,ba-shu-zu-pai-cheng-zui-xiao-de-shu-lcof,93,93,2026-04-08T16:00:00Z
231,6,Z 字形变换,中等,20,https://leetcode.cn/problems/zigzag-conversion,zigzag-conversion,1678,1678,2026-04-02T16:00:00Z
232,剑指 Offer 34,二叉树中和为某一值的路径,中等,20,https://leetcode.cn/problems/er-cha-shu-zhong-he-wei-mou-yi-zhi-de-lu-jing-lcof,er-cha-shu-zhong-he-wei-mou-yi-zhi-de-lu-jing-lcof,99,99,2025-08-27T12:19:56.258000Z
233,37,解数独,困难,20,https://leetcode.cn/problems/sudoku-solver,sudoku-solver,1647,1647,2025-04-22T16:00:00Z
234,567,字符串的排列,中等,20,https://leetcode.cn/problems/permutation-in-string,permutation-in-string,1135,1135,2025-03-11T03:44:41.622000Z
235,556,下一个更大元素 III,中等,20,https://leetcode.cn/problems/next-greater-element-iii,next-greater-element-iii,1144,1144,2025-03-03T14:43:35.363000Z
236,1262,可被三整除的最大和,中等,19,https://leetcode.cn/problems/greatest-sum-divisible-by-three,greatest-sum-divisible-by-three,391,391,2026-04-02T16:00:00Z
237,115,不同的子序列,困难,19,https://leetcode.cn/problems/distinct-subsequences,distinct-subsequences,1569,1569,2025-11-15T08:21:48.216000Z
238,410,分割数组的最大值,困难,19,https://leetcode.cn/problems/split-array-largest-sum,split-array-largest-sum,1274,1274,2025-08-28T12:05:38.030000Z
239,154,寻找旋转排序数组中的最小值 II,困难,19,https://leetcode.cn/problems/find-minimum-in-rotated-sorted-array-ii,find-minimum-in-rotated-sorted-array-ii,1530,1530,2025-06-30T13:22:22.122000Z
240,902,最大为 N 的数字组合,困难,18,https://leetcode.cn/problems/numbers-at-most-n-given-digit-set,numbers-at-most-n-given-digit-set,786,786,2026-06-02T16:00:00Z
241,242,有效的字母异位词,简单,18,https://leetcode.cn/problems/valid-anagram,valid-anagram,1442,1442,2026-04-16T11:34:56.904000Z
242,80,删除排序数组中的重复项 II,中等,18,https://leetcode.cn/problems/remove-duplicates-from-sorted-array-ii,remove-duplicates-from-sorted-array-ii,1604,1604,2026-04-15T14:47:51.702000Z
243,528,按权重随机选择,中等,18,https://leetcode.cn/problems/random-pick-with-weight,random-pick-with-weight,812,812,2026-03-25T16:00:00Z
244,622,设计循环队列,中等,18,https://leetcode.cn/problems/design-circular-queue,design-circular-queue,864,864,2026-01-18T16:25:59.537000Z
245,剑指 Offer 48,最长不含重复字符的子字符串,中等,18,https://leetcode.cn/problems/zui-chang-bu-han-zhong-fu-zi-fu-de-zi-zi-fu-chuan-lcof,zui-chang-bu-han-zhong-fu-zi-fu-de-zi-zi-fu-chuan-lcof,84,84,2025-09-24T13:56:17.211000Z
246,301,删除无效的括号,困难,18,https://leetcode.cn/problems/remove-invalid-parentheses,remove-invalid-parentheses,1383,1383,2025-05-16T16:28:14.349000Z
247,426,将二叉搜索树转化为排序的双向链表,中等,18,https://leetcode.cn/problems/convert-binary-search-tree-to-sorted-doubly-linked-list,convert-binary-search-tree-to-sorted-doubly-linked-list,959,959,2025-04-28T04:58:31.199000Z
248,222,完全二叉树的节点个数,中等,18,https://leetcode.cn/problems/count-complete-tree-nodes,count-complete-tree-nodes,1462,1462,2024-11-02T05:28:29.905000Z
249,剑指 Offer 11,旋转数组的最小数字,简单,18,https://leetcode.cn/problems/xuan-zhuan-shu-zu-de-zui-xiao-shu-zi-lcof,xuan-zhuan-shu-zu-de-zui-xiao-shu-zi-lcof,138,138,2024-09-01T16:00:00Z
250,剑指 Offer 53 - I,在排序数组中查找数字 I,简单,18,https://leetcode.cn/problems/zai-pai-xu-shu-zu-zhong-cha-zhao-shu-zi-lcof,zai-pai-xu-shu-zu-zhong-cha-zhao-shu-zi-lcof,87,87,2022-08-07T16:00:00Z
251,49,字母异位词分组,中等,17,https://leetcode.cn/problems/group-anagrams,group-anagrams,1635,1635,2026-06-05T06:56:01.972000Z
252,257,二叉树的所有路径,简单,17,https://leetcode.cn/problems/binary-tree-paths,binary-tree-paths,1427,1427,2026-05-25T08:10:53.365000Z
253,补充题22,IP地址与整数的转换,中等,17,https://leetcode.cn/problems/https://mp.weixin.qq.com/s/UWCuEtNS2kuAuDY-eIbghg,https://mp.weixin.qq.com/s/UWCuEtNS2kuAuDY-eIbghg,1925,1925,2026-05-21T16:00:00Z
254,108,将有序数组转换为二叉搜索树,简单,17,https://leetcode.cn/problems/convert-sorted-array-to-binary-search-tree,convert-sorted-array-to-binary-search-tree,1576,1576,2025-10-25T08:48:33.934000Z
255,188,买卖股票的最佳时机 IV,困难,17,https://leetcode.cn/problems/best-time-to-buy-and-sell-stock-iv,best-time-to-buy-and-sell-stock-iv,1496,1496,2025-10-22T11:50:16.724000Z
256,130,被围绕的区域,中等,17,https://leetcode.cn/problems/surrounded-regions,surrounded-regions,1554,1554,2025-09-28T07:19:15.281000Z
257,剑指 Offer 33,二叉搜索树的后序遍历序列,中等,17,https://leetcode.cn/problems/er-cha-sou-suo-shu-de-hou-xu-bian-li-xu-lie-lcof,er-cha-sou-suo-shu-de-hou-xu-bian-li-xu-lie-lcof,101,101,2025-09-23T07:44:43.358000Z
258,863,二叉树中所有距离为 K 的结点,中等,17,https://leetcode.cn/problems/all-nodes-distance-k-in-binary-tree,all-nodes-distance-k-in-binary-tree,831,831,2025-09-17T23:00:00Z
259,674,最长连续递增序列,简单,17,https://leetcode.cn/problems/longest-continuous-increasing-subsequence,longest-continuous-increasing-subsequence,1032,1032,2025-03-30T16:00:00Z
260,167,两数之和 II - 输入有序数组,简单,17,https://leetcode.cn/problems/two-sum-ii-input-array-is-sorted,two-sum-ii-input-array-is-sorted,1517,1517,2024-12-05T05:21:20.012000Z
261,100,相同的树,简单,17,https://leetcode.cn/problems/same-tree,same-tree,1584,1584,2024-04-26T09:44:26.635000Z
262,557,反转字符串中的单词 III,简单,17,https://leetcode.cn/problems/reverse-words-in-a-string-iii,reverse-words-in-a-string-iii,1143,1143,2022-07-31T16:00:00Z
263,150,逆波兰表达式求值,中等,16,https://leetcode.cn/problems/evaluate-reverse-polish-notation,evaluate-reverse-polish-notation,1534,1534,2026-05-19T09:31:24.517000Z
264,525,连续数组,中等,16,https://leetcode.cn/problems/contiguous-array,contiguous-array,1172,1172,2026-05-06T15:29:11.046000Z
265,862,和至少为 K 的最短子数组,困难,16,https://leetcode.cn/problems/shortest-subarray-with-sum-at-least-k,shortest-subarray-with-sum-at-least-k,832,832,2026-04-22T12:39:13.843000Z
266,235,二叉搜索树的最近公共祖先,简单,16,https://leetcode.cn/problems/lowest-common-ancestor-of-a-binary-search-tree,lowest-common-ancestor-of-a-binary-search-tree,1449,1449,2026-03-19T09:38:51.941000Z
267,977,有序数组的平方,简单,16,https://leetcode.cn/problems/squares-of-a-sorted-array,squares-of-a-sorted-array,710,710,2026-01-18T16:00:00Z
268,77,组合,中等,16,https://leetcode.cn/problems/combinations,combinations,1607,1607,2025-06-09T16:00:00Z
269,268,缺失数字,简单,16,https://leetcode.cn/problems/missing-number,missing-number,1416,1416,2023-08-21T16:00:00Z
270,面试题 17.24,最大子矩阵,困难,16,https://leetcode.cn/problems/max-submatrix-lcci,max-submatrix-lcci,17,17,2022-09-08T16:00:00Z
271,946,验证栈序列,中等,15,https://leetcode.cn/problems/validate-stack-sequences,validate-stack-sequences,742,742,2026-06-01T10:06:07.200000Z
272,107,二叉树的层次遍历 II,中等,15,https://leetcode.cn/problems/binary-tree-level-order-traversal-ii,binary-tree-level-order-traversal-ii,1577,1577,2026-05-11T16:00:00Z
273,386,字典序排数,中等,15,https://leetcode.cn/problems/lexicographical-numbers,lexicographical-numbers,1298,1298,2026-05-10T16:00:00Z
274,523,连续的子数组和,中等,15,https://leetcode.cn/problems/continuous-subarray-sum,continuous-subarray-sum,1174,1174,2026-05-07T16:00:00Z
275,994,腐烂的橘子,中等,15,https://leetcode.cn/problems/rotting-oranges,rotting-oranges,693,693,2026-04-21T13:16:34.944000Z
276,540,有序数组中的单一元素,中等,15,https://leetcode.cn/problems/single-element-in-a-sorted-array,single-element-in-a-sorted-array,1159,1159,2026-04-09T17:23:21.740000Z
277,238,除自身以外数组的乘积,中等,15,https://leetcode.cn/problems/product-of-array-except-self,product-of-array-except-self,1446,1446,2026-03-31T07:47:59.351000Z
278,706,设计哈希映射,简单,15,https://leetcode.cn/problems/design-hashmap,design-hashmap,900,900,2026-03-18T15:51:51.963000Z
279,204,计数质数,简单,15,https://leetcode.cn/problems/count-primes,count-primes,1480,1480,2026-03-11T06:51:31.728000Z
280,13,罗马数字转整数,简单,15,https://leetcode.cn/problems/roman-to-integer,roman-to-integer,1671,1671,2025-09-25T13:19:27.170000Z
281,131,分割回文串,中等,15,https://leetcode.cn/problems/palindrome-partitioning,palindrome-partitioning,1553,1553,2025-07-17T14:00:49.074000Z
282,438,找到字符串中所有字母异位词,中等,15,https://leetcode.cn/problems/find-all-anagrams-in-a-string,find-all-anagrams-in-a-string,1252,1252,2025-04-22T16:00:00Z
283,剑指 Offer 32 - III,从上到下打印二叉树 III,中等,15,https://leetcode.cn/problems/cong-shang-dao-xia-da-yin-er-cha-shu-iii-lcof,cong-shang-dao-xia-da-yin-er-cha-shu-iii-lcof,102,102,2024-12-06T07:12:52.543000Z
284,876,链表的中间结点,简单,15,https://leetcode.cn/problems/middle-of-the-linked-list,middle-of-the-linked-list,816,816,2024-08-31T03:28:28.767000Z
285,554,砖墙,中等,15,https://leetcode.cn/problems/brick-wall,brick-wall,1146,1146,2023-08-28T16:00:00Z
286,340,至多包含 K 个不同字符的最长子串,困难,14,https://leetcode.cn/problems/longest-substring-with-at-most-k-distinct-characters,longest-substring-with-at-most-k-distinct-characters,1344,1344,2026-05-13T16:00:00Z
287,680,验证回文字符串 Ⅱ,简单,14,https://leetcode.cn/problems/valid-palindrome-ii,valid-palindrome-ii,1026,1026,2026-04-15T11:43:23.765000Z
288,233,数字 1 的个数,困难,14,https://leetcode.cn/problems/number-of-digit-one,number-of-digit-one,1451,1451,2026-03-12T05:19:21.662000Z
289,109,有序链表转换二叉搜索树,中等,14,https://leetcode.cn/problems/convert-sorted-list-to-binary-search-tree,convert-sorted-list-to-binary-search-tree,1575,1575,2026-01-25T04:49:53.941000Z
290,617,合并二叉树,简单,14,https://leetcode.cn/problems/merge-two-binary-trees,merge-two-binary-trees,1087,1087,2025-10-29T13:31:09.180000Z
291,剑指 Offer 24,反转链表,简单,14,https://leetcode.cn/problems/fan-zhuan-lian-biao-lcof,fan-zhuan-lian-biao-lcof,118,118,2025-10-20T05:24:13.188000Z
292,面试题 08.06,汉诺塔问题,简单,14,https://leetcode.cn/problems/hanota-lcci,hanota-lcci,48,48,2025-09-14T16:00:00Z
293,面试题 10.03,搜索旋转数组,中等,14,https://leetcode.cn/problems/search-rotate-array-lcci,search-rotate-array-lcci,153,153,2025-08-27T16:00:00Z
294,1095,山脉数组中查找目标值,困难,14,https://leetcode.cn/problems/find-in-mountain-array,find-in-mountain-array,547,547,2024-07-08T16:00:00Z
295,剑指 Offer 35,复杂链表的复制,中等,14,https://leetcode.cn/problems/fu-za-lian-biao-de-fu-zhi-lcof,fu-za-lian-biao-de-fu-zhi-lcof,116,116,2023-09-27T02:51:37.228000Z
296,912,排序数组,中等,13,https://leetcode.cn/problems/sort-an-array,sort-an-array,776,776,2026-06-03T11:59:32.913000Z
297,166,分数到小数,中等,13,https://leetcode.cn/problems/fraction-to-recurring-decimal,fraction-to-recurring-decimal,1518,1518,2026-05-07T16:00:00Z
298,735,行星碰撞,中等,13,https://leetcode.cn/problems/asteroid-collision,asteroid-collision,982,982,2026-04-03T11:51:05.618000Z
299,437,路径总和 III,中等,13,https://leetcode.cn/problems/path-sum-iii,path-sum-iii,1253,1253,2026-03-23T16:00:00Z
300,164,最大间距,困难,13,https://leetcode.cn/problems/maximum-gap,maximum-gap,1520,1520,2026-03-14T16:20:21.787000Z
